<?xml version="1.0" encoding="UTF-8" standalone="yes"?>
<addon id="plugin.video.sc2" name="Stream Cinema Community" provider-name="hotshot.sk" version="2.3.0">
	<requires>
		<import addon="enigma2.archivczsk" version="2.0.0"/>
		<import addon="tools.xbmc" version="1.0" />
	</requires>
	<extension point="archivczsk.addon.seeker"/>
	<extension point="archivczsk.addon.video"/>
	<extension point="archivczsk.addon.metadata">
		<description>Plugin to play video archive.</description>
		<description lang="cs">Plugin pro přehrávání videí.</description>
		<description lang="sk">Plugin pre prehravanie videí.</description>
	</extension>
</addon>
