<?xml version="1.0" encoding="UTF-8" standalone="yes"?>
<addon id="plugin.video.magiogo" name="Magio TV" version="1.28">
	<requires>
		<import addon="enigma2.archivczsk" version="3.3.0"/>
		<import addon="tools.archivczsk" version="2.11" />
	</requires>
	<extension point="archivczsk.addon.video" preload="yes"/>
	<extension point="archivczsk.addon.shortcut" name="archive"/>
	<extension point="archivczsk.addon.metadata">
		<description>Plugin to play Magio TV</description>
		<description lang="cs">Plugin pro přehrávání Magio TV</description>
		<description lang="sk">Plugin pre prehrávanie Magio TV</description>
	</extension>
</addon>
