<?xml version="1.0" encoding="UTF-8" standalone="yes"?>
<addon id="plugin.video.sledovanitv" name="Sledovani.tv" provider-name="archivczsk" version="2.14">
	<requires>
		<import addon="enigma2.archivczsk" version="2.8.0"/>
		<import addon="tools.archivczsk" version="1.36" />
	</requires>
	<extension point="archivczsk.addon.video" preload="yes"/>
	<extension point="archivczsk.addon.shortcut" preload="archive"/>
	<extension point="archivczsk.addon.metadata">
		<description>Plugin to play from sledovani.tv</description>
		<description lang="cs">Plugin pro přehrávání videí ze sledovani.tv</description>
		<description lang="sk">Plugin pre prehrávanie videí zo sledovani.tv</description>
	</extension>
</addon>
