﻿<?xml version="1.0" encoding="UTF-8" standalone="yes"?>
<addon id="plugin.video.oneplay" name="Oneplay" version="1.4">
	<requires>
		<import addon="enigma2.archivczsk" version="3.3.1"/>
		<import addon="tools.archivczsk" version="2.15" />
	</requires>
	<extension point="archivczsk.addon.video" preload="yes"/>
	<extension point="archivczsk.addon.shortcut" name="archive"/>
	<extension point="archivczsk.addon.shortcut" name="oneplay-md"/>
	<extension point="archivczsk.addon.metadata">
		<description>Something new every week. Discover a world of endless entertainment with access to thousands of movies and shows!</description>
		<description lang="cs">Každý týden něco nového. Objevte svět nekonečné zábavy s přístupem k tisícům filmů a pořadů!</description>
		<description lang="sk">Každý týždeň niečo nové. Objavte svet nekonečnej zábavy s prístupom k tisícom filmov a realácií!</description>
	</extension>
</addon>
