<?xml version="1.0" encoding="UTF-8" standalone="yes"?>
<addon id="plugin.video.magiogo" name="Magio GO" provider-name="archivczsk" version="1.12">
	<requires>
		<import addon="enigma2.archivczsk" version="2.0.0"/>
		<import addon="tools.archivczsk" version="1.0" />
	</requires>
	<extension point="archivczsk.addon.video" preload="yes"/>
	<extension point="archivczsk.addon.shortcut" name="archive"/>
	<extension point="archivczsk.addon.metadata">
		<description>Plugin to play Magio GO live TV</description>
		<description lang="cs">Plugin pro přehrávání Magio Go</description>
		<description lang="sk">Plugin pre prehrávanie Magio GO</description>
	</extension>
</addon>
