﻿<?xml version="1.0" encoding="UTF-8" standalone="yes"?>
<addon id="plugin.video.o2tv" name="O2 TV 2.0" version="1.13">
	<requires>
		<import addon="enigma2.archivczsk" version="2.6.2"/>
		<import addon="tools.archivczsk" version="1.24" />
	</requires>
	<extension point="archivczsk.addon.video" preload="yes"/>
	<extension point="archivczsk.addon.shortcut" name="archive"/>
	<extension point="archivczsk.addon.metadata">
		<description>Allows watching O2 TV 2.0 inclusive base work with recordings</description>
		<description lang="cs">Umožnuje sledování O2 TV 2.0 včetně základní práce s nahrávkami</description>
		<description lang="sk">Umožňuje sledovanie O2 TV 2.0 vrátane základnej práce s nahrávkami</description>
	</extension>
</addon>
