<?xml version="1.0" encoding="UTF-8" standalone="yes"?>
<addon id="plugin.video.eurosport" name="Eurosport Player" provider-name="Michal Novotny" version="1.10">
	<requires>
		<import addon="enigma2.archivczsk" version="2.2.4"/>
		<import addon="tools.xbmc" version="1.0" />
	</requires>
	<extension point="archivczsk.addon.video"/>
	<extension point="archivczsk.addon.metadata">
		<description>Plugin to play videos from eurosportplayer.com</description>
		<description lang="cs">Plugin pro přehrávání videí z eurosportplayer.com</description>
		<description lang="sk">Plugin pre prehrávanie videí z eurosportplayer.com</description>
	</extension>
</addon>
