<?xml version="1.0" encoding="UTF-8" standalone="yes"?>
<addon id="plugin.video.tvcom.cz" name="tvcom.cz" provider-name="misanov" version="1.4">
	<requires>
		<import addon="enigma2.archivczsk" version="2.5.0"/>
		<import addon="tools.xbmc" version="1.2" />
	</requires>
	<extension point="archivczsk.addon.video"/>
	<extension point="archivczsk.addon.metadata">
		<description lang="en">Watch online TV archive from tvcom.cz</description>
		<description lang="cs">Sledujte TV archiv zo serveru tvcom.cz</description>
		<description lang="sk">Sledujte TV archív zo serveru tvcom.cz</description>
	</extension>
</addon>
