<?xml version="1.0" encoding="UTF-8" standalone="yes"?>
<addon id="plugin.video.rtvs.sk" name="rtvs.sk" provider-name="misanov, Maros Ondrasek" version="1.15.0">
	<requires>
		<import addon="enigma2.archivczsk" version="2.8.0"/>
		<import addon="tools.xbmc" version="1.2" />
	</requires>
	<extension point="archivczsk.addon.video"/>
	<extension point="archivczsk.addon.metadata">
		<description lang="en">Watch online TV archive from rtvs.sk</description>
		<description lang="cs">Sledujte TV archiv zo serveru rtvs.sk</description>
		<description lang="sk">Sledujte TV archív zo serveru rtvs.sk</description>
	</extension>
</addon>
