<?xml version="1.0" encoding="UTF-8" standalone="yes"?>
<addon id="plugin.video.joj.sk" name="joj.sk" provider-name="Maros Ondrasek" version="1.6.1">
	<requires>
		<import addon="enigma2.archivczsk" version="2.5.0"/>
		<import addon="tools.xbmc" version="1.2" />
	</requires>
	<extension point="archivczsk.addon.video"/>
	<extension point="archivczsk.addon.metadata">
		<description lang="en">Watch online TV archive from joj.sk</description>
		<description lang="cs">Sledujte online TV archiv zo serveru joj.sk</description>
		<description lang="sk">Sledujte online TV archív zo serveru joj.sk</description>
	</extension>
</addon>
