<?xml version="1.0" encoding="UTF-8" standalone="yes"?>
<addon id="plugin.video.idnestv"
       name="iDNES.tv"
       version="1.1"
       provider-name="Michal Novotný">
  <requires>
    <import addon="xbmc.python" version="2.1.0"/>
    <import addon="script.module.dmd-czech.common" version="1.5.0"/>
  </requires>
  <extension point="xbmc.python.pluginsource" library="default.py">
    <provides>video</provides>
  </extension>
  <extension point="xbmc.addon.metadata">
    <platform>all</platform>
    <summary>iDnes.cz video-archive plugin</summary>
    <description>Plugin to play video archive from video.idnes.cz</description>
    <description lang="cs">Plugin pro přehrávání videí z video.idnes.cz</description>
  </extension>
</addon>
