<?xml version="1.0" encoding="UTF-8" standalone="yes"?>
<addon id="plugin.video.tvlux" name="TV Lux" version="1.1">
	<requires>
		<import addon="enigma2.archivczsk" version="3.4.9"/>
		<import addon="tools.archivczsk" version="3.0" />
	</requires>
	<extension point="archivczsk.addon.video"/>
	<extension point="archivczsk.addon.metadata">
		<description>Archive of LUX television</description>
		<description lang="sk">Archív televízie LUX</description>
		<description lang="cs">Archiv televize LUX</description>
	</extension>
</addon>
