<?xml version="1.0" encoding="UTF-8" standalone="yes"?>
<addon id="plugin.video.tvnoe" name="TV Noe" version="1.0">
	<requires>
		<import addon="enigma2.archivczsk" version="3.4.9"/>
		<import addon="tools.archivczsk" version="3.1" />
	</requires>
	<extension point="archivczsk.addon.video"/>
	<extension point="archivczsk.addon.metadata">
		<description>Archive of Noe television</description>
		<description lang="sk">Archív televízie Noe</description>
		<description lang="cs">Archiv televize Noe</description>
	</extension>
</addon>
