<?xml version="1.0" encoding="UTF-8" standalone="yes"?>
<addon id="plugin.video.joj.sk" name="joj.sk" provider-name="Maros Ondrasek" version="1.7.0">
	<requires>
		<import addon="enigma2.archivczsk" version="3.3.1"/>
		<import addon="tools.xbmc" version="1.2" />
	</requires>
	<extension point="archivczsk.addon.video"/>
	<extension point="archivczsk.addon.metadata">
		<description lang="en">Unsupported addon. Use addon JOJ Play instead</description>
		<description lang="cs">Doplněk není podporován. Použite místo něj doplněk JOJ Play.</description>
		<description lang="sk">Doplnok je nepodporovaný. Namiesto toho použite doplnok JOJ Play.</description>
	</extension>
</addon>
