<?xml version="1.2.0" encoding="UTF-8" standalone="yes"?>
<addon id="plugin.video.stalker"
       name="Stalker"
       version="1.0"
       provider-name="archivczsk">
  <requires>
    <import addon="enigma2.archivczsk" version="1.5.7"/>
    <import addon="xbmc.python" version="2.1.0"/>
    <import addon="script.module.stream.resolver" version="1.6.22" />
  </requires>
  <extension point="xbmc.autostart" library="stalker_autostart.py"/>
  <extension point="xbmc.python.pluginsource" library="default.py">
    <provides>video</provides>
  </extension>
  <extension point="xbmc.addon.metadata">
    <platform>all</platform>
    <summary>Stalker client addon</summary>
    <description>Stalker client addon</description>
    <description lang="cs">Stalker client addon</description>
    <description lang="sk">Stalker client addon</description>
  </extension>
</addon>
