﻿<?xml version="1.0" encoding="UTF-8" standalone="yes"?>
<addon id="plugin.video.archivo2tv" name="Sledování O2TV" provider-name="archivczsk" version="1.12.0">
	<requires>
		<import addon="enigma2.archivczsk" version="2.5.0"/>
		<import addon="tools.archivczsk" version="1.17" />
	</requires>
	<extension point="archivczsk.addon.video"/>
	<extension point="archivczsk.addon.metadata">
		<broken>Tento doplnok využíval službu od O2 ktorá skončila a preto doplnok viac nie je funkčný. Náhradou je nový doplnok O2 TV 2.0.</broken>
		<description>Service was closed</description>
		<description lang="cs">Služba byla ukončena</description>
		<description lang="sk">Služba bola ukončená</description>
	</extension>
</addon>
