<?xml version="1.0" encoding="UTF-8" standalone="yes"?>
<addon id="plugin.video.dokumenty.tv" name="Dokumenty.tv" provider-name="misanov" version="1.9">
	<requires>
		<import addon="enigma2.archivczsk" version="2.8.0"/>
		<import addon="tools.xbmc" version="1.2" />
	</requires>
	<extension point="archivczsk.addon.video"/>
	<extension point="archivczsk.addon.metadata">
		<description>Plugin to play videos from dokumenty.tv</description>
		<description lang="cs">Plugin pro přehrávání videí z dokumenty.tv</description>
		<description lang="sk">Plugin pre prehrávanie videí z dokumenty.tv</description>
	</extension>
</addon>
