<?xml version="1.0" encoding="UTF-8" standalone="yes"?>
<addon id="plugin.video.dokumenty.tv" name="Dokumenty.tv" version="2.0">
	<requires>
		<import addon="enigma2.archivczsk" version="3.1.0"/>
		<import addon="tools.archivczsk" version="2.5" />
	</requires>
	<extension point="archivczsk.addon.video"/>
	<extension point="archivczsk.addon.metadata">
		<description>Plugin to play videos from dokumenty.tv</description>
		<description lang="cs">Plugin pro přehrávání videí z dokumenty.tv</description>
		<description lang="sk">Plugin pre prehrávanie videí z dokumenty.tv</description>
	</extension>
</addon>
