<?xml version="1.0" encoding="UTF-8" standalone="yes"?>
<addon id="plugin.video.aktualne" name="Aktuálně (DVTV)" provider-name="Michal Novotný" version="1.4">
	<requires>
		<import addon="enigma2.archivczsk" version="2.0.0"/>
		<import addon="tools.xbmc" version="1.0" />
	</requires>
	<extension point="archivczsk.addon.video"/>
	<extension point="archivczsk.addon.metadata">
		<description>Plugin to play video archive from video.aktualne.cz</description>
		<description lang="cs">Plugin pro přehrávání videí z video.aktualne.cz</description>
	</extension>
</addon>
