<?xml version='1.0' encoding='utf-8'?>
<addon id="plugin.video.yt" name="YouTube" provider-name="Michal Novotny" version="1.6">
  <requires>
    <import addon="xbmc.python" version="2.1.0" />
    <import addon="script.module.stream.resolver" version="1.6.22" />
  </requires>
  <extension library="default.py" point="xbmc.python.pluginsource" provides="video">
    <provides>video</provides>
  </extension>
  <extension point="xbmc.addon.metadata">
    <platform>all</platform>
    <summary>YouTube video plugin</summary>
    <description>Plugin to search and play YouTube videos</description>
    <description lang="cs">Plugin pro vyhledávání a přehrávání videí z YouTube</description>
    <description lang="sk">Plugin pre vyhľadavanie a prehrávanie videí z YouTube</description>
  </extension>
</addon>
