<?xml version="1.0" encoding="UTF-8" standalone="yes"?>
<addon id="plugin.video.stalker" name="Stalker" version="1.10">
	<requires>
		<import addon="enigma2.archivczsk" version="3.5.0"/>
		<import addon="tools.xbmc" version="1.2" />
		<import addon="tools.archivczsk" version="3.4" />
	</requires>
	<extension point="archivczsk.addon.video" preload="yes"/>
	<extension point="archivczsk.addon.metadata">
		<description>Simple MGA25x emulator with multiple accounts support</description>
		<description lang="cs">Jednoduchej MGA25x emulátor podpořujíci vícero uživatelských účtů</description>
		<description lang="sk">Jednoduchý MGA25x emulátor podporujúci viacero uživateľských účtov</description>
	</extension>
</addon>
