<?xml version="1.0" encoding="UTF-8" standalone="yes"?>
<addon id="plugin.video.sweettv" name="Sweet.tv" provider-name="archivczsk" version="1.10">
	<requires>
		<import addon="enigma2.archivczsk" version="2.4.0"/>
		<import addon="tools.archivczsk" version="1.16" />
	</requires>
	<extension point="archivczsk.addon.video" preload="yes"/>
	<extension point="archivczsk.addon.shortcut" name="archive"/>
	<extension point="archivczsk.addon.metadata">
		<description>Plugin to play videos and live tv from sweet.tv</description>
		<description lang="sk">Plugin pre prehrávanie videí a live tv zo sweet.tv</description>
		<description lang="cs">Plugin pro přehrávání videí a live tv ze sweet.tv</description>
	</extension>
</addon>
