<?xml version='1.0' encoding='utf-8'?>
<addon id="plugin.video.antiktv" name="Antik TV" version="2.5">
	<requires>
		<import addon="enigma2.archivczsk" version="2.3.0"/>
		<import addon="tools.archivczsk" version="1.13" />
	</requires>
	<extension point="archivczsk.addon.video" import-name="addon" entry-point="main" preload="yes"/>
	<extension point="archivczsk.addon.shortcut" name="archive"/>
	<extension point="archivczsk.addon.metadata">
		<description lang="en">Plugin allowing access to IPTV service Antik TV</description>
		<description lang="cs">Plugin umožňující přistup k IPTV službě Antik TV</description>
		<description lang="sk">Plugin umožňujúci prístup k IPTV službe Antik TV</description>
	</extension>
</addon>
