<?xml version="1.0" encoding="UTF-8" standalone="yes"?>
<addon id="plugin.video.sweettv" name="Sweet.tv" provider-name="archivczsk" version="1.5">
	<requires>
		<import addon="enigma2.archivczsk" version="2.0.0"/>
		<import addon="tools.archivczsk" version="1.0" />
	</requires>
	<extension point="archivczsk.addon.video" preload="yes"/>
	<extension point="archivczsk.addon.metadata">
		<description>Plugin to play videos and live tv from sweet.tv</description>
		<description lang="sk">Plugin pre prehrávanie videí a live tv zo sweet.tv</description>
	</extension>
</addon>
