﻿<?xml version="1.0" encoding="UTF-8" standalone="yes"?>
<addon id="plugin.video.disneyplus" name="Disney+" version="2.4">
	<requires>
		<import addon="enigma2.archivczsk" version="3.4.9"/>
		<import addon="tools.archivczsk" version="2.20" />
		<import addon="tools.cenc" version="1.5" />
	</requires>
	<extension point="archivczsk.addon.video" import-name="addon" entry-point="main"/>
	<extension point="archivczsk.addon.metadata">
		<description>Disney+ is the exclusive home for your favorite movies and TV shows from Disney, Pixar, Marvel, Star Wars, and National Geographic.</description>
		<description lang="cs">Disney+ je exkluzivní místo pro vaše oblíbené filmy a televizní pořady ze světa Disney, Pixar, Marvel, Star Wars a National Geographic.</description>
		<description lang="sk">Disney+ je exkluzívne miesto pre vaše obľúbené filmy a televízne porogramy ze sveta Disney, Pixar, Marvel, Star Wars a National Geographic.</description>
	</extension>
</addon>
