﻿<?xml version="1.0" encoding="UTF-8" standalone="yes"?>
<addon id="plugin.video.archivo2tv" name="Sledování O2TV" provider-name="archivczsk" version="1.11.0">
	<requires>
		<import addon="enigma2.archivczsk" version="2.5.0"/>
		<import addon="tools.archivczsk" version="1.17" />
	</requires>
	<extension point="archivczsk.addon.video" preload="yes"/>
	<extension point="archivczsk.addon.shortcut" name="archive"/>
	<extension point="archivczsk.addon.metadata">
		<description>Allows watching O2TV inclusive base work with recordings</description>
		<description lang="cs">Umožnuje sledování O2TV včetně základní práce s nahrávkami</description>
		<description lang="sk">Umožňuje sledovanie O2TV vrátane základnej práce s nahrávkami</description>
	</extension>
</addon>
