<?xml version="1.0" encoding="UTF-8" standalone="yes"?>
<addon id="plugin.video.ivysilani" name="iVysílání - Česká televize" version="2.3">
	<requires>
		<import addon="enigma2.archivczsk" version="2.8.0"/>
		<import addon="tools.archivczsk" version="1.31" />
		<import addon="tools.cenc" version="1.0" />
	</requires>
	<extension point="archivczsk.addon.video"/>
	<extension point="archivczsk.addon.metadata">
		<description>Plugin to play videos and live TV from Czech Television's iVysilani</description>
		<description lang="cs">Plugin nabízí přístup do archivu České televize iVysílání i přehrávání kanálů živě.</description>
		<description lang="sk">Plugin poskytuje prístup do archívu Českej televízie iVysílání a prehrávanie živého vysielania.</description>
	</extension>
</addon>
