<?xml version="1.0" encoding="UTF-8" standalone="yes"?>
<addon id="plugin.video.jojplay" name="JOJ Play" version="1.3">
	<requires>
		<import addon="enigma2.archivczsk" version="3.3.1"/>
		<import addon="tools.archivczsk" version="2.15" />
	</requires>
	<extension point="archivczsk.addon.video"/>
	<extension point="archivczsk.addon.metadata">
		<description>Enjoy thousands of hours of movies, series and shows in a language you understand</description>
		<description lang="sk">Bav sa pri tisíckach hodín filmov, seriálov a relácií v jazyku, ktorému rozumieš</description>
		<description lang="cs">Vychutnejte si tisíce hodin filmů, seriálů a pořadů v jazyce, kterému rozumíte.</description>
	</extension>
</addon>
