<?xml version="1.0" encoding="UTF-8" standalone="yes"?>
<addon id="plugin.video.sktonline" name="SkTonline" version="2.9">
	<requires>
		<import addon="enigma2.archivczsk" version="3.4.9"/>
		<import addon="tools.archivczsk" version="3.0" />
	</requires>
	<extension point="archivczsk.addon.seeker"/>
	<extension point="archivczsk.addon.video"/>
	<extension point="archivczsk.addon.metadata">
		<description>Plugin to search and play SkTonline videos</description>
		<description lang="cs">Plugin pro vyhledávání a přehrávání videí z SkTonline</description>
		<description lang="sk">Plugin pre vyhľadavanie a prehrávanie videí z SkTonline</description>
	</extension>
</addon>
