<?xml version="1.0" encoding="UTF-8" standalone="yes"?>
<addon id="plugin.video.mtr.sk" name="Mestská TV Ružomberok" provider-name="Libor Zoubek" version="1.2.0">
	<requires>
		<import addon="enigma2.archivczsk" version="2.0.0"/>
		<import addon="tools.xbmc" version="1.0" />
	</requires>
	<extension point="archivczsk.addon.video"/>
	<extension point="archivczsk.addon.metadata">
		<description lang="en">Watch online mtr.sk</description>
		<description lang="cs">Sledujte online mtr.sk</description>
	</extension>
</addon>
