<?xml version="1.0" encoding="UTF-8" standalone="yes"?>
<addon id="plugin.video.sosac.ph" name="Sosáč" provider-name="L. Zoubek + jondas" version="1.4.0">
	<requires>
		<import addon="enigma2.archivczsk" version="2.0.0"/>
		<import addon="tools.xbmc" version="1.0" />
	</requires>
	<extension point="archivczsk.addon.seeker"/>
	<extension point="archivczsk.addon.video"/>
	<extension point="archivczsk.addon.metadata">
		<description lang="en">Watch online movies and tv shows from www.sosac.ph.</description>
		<description lang="cs">Sledujte online videa a serialy z www.sosac.ph.</description>
	</extension>
</addon>
