<?xml version="1.0" encoding="UTF-8" standalone="yes"?>
<addon id="plugin.video.telly" name="Telly" provider-name="archivczsk" version="1.1.5">
	<requires>
		<import addon="enigma2.archivczsk" version="2.0.0"/>
		<import addon="tools.archivczsk" version="1.3" />
	</requires>
	<extension point="archivczsk.addon.video" preload="yes"/>
	<extension point="archivczsk.addon.metadata">
		<description>Plugin to play Telly live TV</description>
		<description lang="cs">Plugin pro přehrávání Telly live TV</description>
		<description lang="sk">Plugin pre prehrávanie Telly live TV</description>
	</extension>
</addon>
