<?xml version="1.0" encoding="UTF-8" standalone="yes"?>
<addon id="plugin.video.online-files" name="Soubory Online" provider-name="Libor Zoubek" version="1.6.0">
	<requires>
		<import addon="enigma2.archivczsk" version="2.5.0"/>
		<import addon="tools.xbmc" version="1.2" />
	</requires>
	<extension point="archivczsk.addon.seeker" name="Webshare.cz" id="webshare.cz"/>
	<extension point="archivczsk.addon.video"/>
	<extension point="archivczsk.addon.metadata">
		<description lang="en">Get access to various czech filesharing services</description>
		<description lang="cs">Získejte přístup k různým file-sharingovým službám</description>
		<description lang="sk">Získajte prístup k rôznym file-sharingovým službám</description>
	</extension>
</addon>
