<?xml version="1.0" encoding="UTF-8" standalone="yes"?>
<addon id="plugin.video.markiza" name="Markíza" provider-name="archivczsk" version="2.1">
	<requires>
		<import addon="enigma2.archivczsk" version="2.0.0"/>
		<import addon="tools.archivczsk" version="1.0" />
	</requires>
	<extension point="archivczsk.addon.video"/>
	<extension point="archivczsk.addon.metadata">
		<description>Plugin to videos from markiza.sk</description>
		<description lang="sk">Umožňuje prehrávanie videií zo stránky markiza.sk</description>
		<description lang="cs">Umožňuje přehrávání videií ze stránky markiza.sk</description>
	</extension>
</addon>
