<?xml version="1.0" encoding="UTF-8" standalone="yes"?>
<addon id="plugin.video.sc2" name="Stream Cinema Community" version="3.19">
	<requires>
		<import addon="enigma2.archivczsk" version="2.8.0"/>
		<import addon="tools.archivczsk" version="1.36" />
	</requires>
	<extension point="archivczsk.addon.seeker"/>
	<extension point="archivczsk.addon.video"/>
	<extension point="archivczsk.addon.metadata">
		<description>Stream Cinema Community - web storage content player</description>
		<description lang="cs">Stream Cinema Community - přehrávač obsahu webového úložiště</description>
		<description lang="sk">Stream Cinema Community - prehrávač obsahu webového úložiska</description>
	</extension>
</addon>
