<?xml version="1.0" encoding="UTF-8" standalone="yes"?>
<addon id="plugin.video.iprima" name="iPrima.cz" provider-name="Michal Novotný, Roman Smolka" version="1.14">
	<requires>
		<import addon="enigma2.archivczsk" version="2.5.0"/>
	</requires>
	<extension point="archivczsk.addon.video"/>
	<extension point="archivczsk.addon.metadata">
		<description>Doplněk pro zobrazování obsahu z archivu iPrima. Registrace nutná na webu iprima.cz.</description>
		<broken>Po zmenách na strane primy doplnok viac nie je funkčný. Použite doplnok Prima+ ktorý je naďalej podporovaný.</broken>
	</extension>
</addon>
