<?xml version="1.0" encoding="UTF-8" standalone="yes"?>
<addon id="plugin.video.videacesky.cz" name="videacesky.cz" provider-name="Libor Zoubek" version="1.3.1">
	<requires>
		<import addon="enigma2.archivczsk" version="2.5.0"/>
		<import addon="tools.xbmc" version="1.2" />
	</requires>
	<extension point="archivczsk.addon.video"/>
	<extension point="archivczsk.addon.metadata">
		<description lang="en">Watch content from videacesky.cz</description>
		<description lang="cs">Sledujte videa, reklamy, seriály, články a návody ze servru videacesky.cz</description>
		<description lang="sk">Sledujte videá, reklamy, seriály, články a návody zo serveru videacesky.cz</description>
	</extension>
</addon>
