<?xml version="1.0" encoding="UTF-8" standalone="yes"?>
<addon id="plugin.video.ivysilani" name="iVysílání — Česká televize" provider-name="Michal Novotny, Štěpán Ort" version="1.5.1">
	<requires>
		<import addon="enigma2.archivczsk" version="2.0.0"/>
		<import addon="tools.xbmc" version="1.0" />
	</requires>
	<extension point="archivczsk.addon.video"/>
	<extension point="archivczsk.addon.metadata">
		<description>Plugin to play videos and live TV from Czech Television's iVysilani</description>
		<description lang="cs">Plugin nabízí přístup do archivu České televize iVysílání i přehrávání kanálů živě.</description>
	</extension>
</addon>
