<?xml version="1.0" encoding="UTF-8" standalone="yes"?>
<addon id="plugin.video.prehrajto" name="Prehraj.to" version="1.3">
	<requires>
		<import addon="enigma2.archivczsk" version="3.1.0"/>
		<import addon="tools.archivczsk" version="2.5" />
	</requires>
	<extension point="archivczsk.addon.video"/>
	<extension point="archivczsk.addon.seeker"/>
	<extension point="archivczsk.addon.metadata">
		<description>Plugin to videos from prehraj.to</description>
		<description lang="sk">Umožňuje prehrávanie videií zo stránky prehraj.to</description>
		<description lang="cs">Umožňuje přehrávání videií ze stránky prehraj.to</description>
	</extension>
</addon>
