<?xml version="1.0" encoding="UTF-8" standalone="yes"?>
<addon id="plugin.video.yt" name="YouTube" version="2.8">
	<requires>
		<import addon="enigma2.archivczsk" version="3.4.9"/>
		<import addon="tools.archivczsk" version="3.0" />
	</requires>
	<extension point="archivczsk.addon.video"/>
	<extension point="archivczsk.addon.metadata">
		<description>Plugin to search and play YouTube videos</description>
		<description lang="cs">Plugin pro vyhledávání a přehrávání videí z YouTube</description>
		<description lang="sk">Plugin pre vyhľadavanie a prehrávanie videí z YouTube</description>
	</extension>
</addon>
