﻿<?xml version="1.0" encoding="UTF-8" standalone="yes"?>
<addon id="plugin.video.archivo2tv" name="Sledování O2TV" provider-name="archivczsk" version="1.8.0">
	<requires>
		<import addon="enigma2.archivczsk" version="2.0.0"/>
		<import addon="tools.archivczsk" version="1.0" />
	</requires>
	<extension point="archivczsk.addon.video" preload="yes"/>
	<extension point="archivczsk.addon.metadata">
		<description lang="cs">Umožnuje sledování O2TV, včetně základní práce s nahrávkami</description>
	</extension>
</addon>
