<?xml version="1.0" encoding="UTF-8" standalone="yes"?>
<addon id="script.module.archivczsk.common" 
	name="XBMC to archivczsk bridge" 
	version="1.1.0" 
	provider-name="Maros Ondrasek">
  <requires>
    <import addon="xbmc.python" version="2.1.0" />
  </requires>
  <extension point="xbmc.python.module" library="lib" />
  <extension point="xbmc.addon.metadata">
    <summary>Contains archivczsk methods to port XBMC plugins</summary>
    <description></description>
    <license>GNU GPL</license>
    <platform>all</platform>
  </extension>
</addon>
