<?xml version="1.0" encoding="UTF-8" standalone="yes"?>
<addon id="plugin.video.webshare" name="Webshare.cz" version="1.0">
	<requires>
		<import addon="enigma2.archivczsk" version="2.6.0"/>
		<import addon="tools.archivczsk" version="1.21" />
		<import addon="tools.xbmc" version="1.1" />
	</requires>
	<extension point="archivczsk.addon.video"/>
	<extension point="archivczsk.addon.seeker"/>
	<extension point="archivczsk.addon.metadata">
		<description>Plugin to play videos from webshare.cz</description>
		<description lang="sk">Umožňuje prehrávanie videií zo stránky webshare.cz</description>
		<description lang="cs">Umožňuje přehrávání videií ze stránky webshare.cz</description>
	</extension>
</addon>
