<?xml version="1.0" encoding="UTF-8" standalone="yes"?>
<addon id="plugin.video.novaplus" name="TV Nova" version="3.14">
	<requires>
		<import addon="enigma2.archivczsk" version="3.4.9"/>
		<import addon="tools.archivczsk" version="2.22" />
		<import addon="tools.cenc" version="1.9" />
	</requires>
	<extension point="archivczsk.addon.video"/>
	<extension point="archivczsk.addon.metadata">
		<description lang="en">Plugin to play TV video archive tv.nova.cz</description>
		<description lang="cs">Plugin pro přehrávání videí z archivu tv.nova.cz</description>
		<description lang="sk">Plugin pre prehrávanie videí z archívu tv.nova.cz</description>
	</extension>
</addon>
