<?xml version="1.0" encoding="UTF-8" standalone="yes"?>
<addon id="plugin.video.dupe" name="Dupe" version="1.2">
	<requires>
		<import addon="enigma2.archivczsk" version="3.5.2"/>
		<import addon="tools.archivczsk" version="3.4" />
	</requires>
	<extension point="archivczsk.addon.video"/>
	<extension point="archivczsk.addon.seeker"/>
	<extension point="archivczsk.addon.metadata">
		<description>Dupe.cz - Movies and series online</description>
		<description lang="sk">Dupe.cz - Filmy a seriály online</description>
		<description lang="cs">Dupe.cz - Filmy a seriály online</description>
	</extension>
</addon>
