<?xml version="1.0" encoding="UTF-8" standalone="yes"?>
<addon id="plugin.video.mall.tv" name="Fameplay.tv" provider-name="Michal Novotný" version="1.10">
	<requires>
		<import addon="enigma2.archivczsk" version="2.5.0"/>
	</requires>
	<extension point="archivczsk.addon.video"/>
	<extension point="archivczsk.addon.metadata">
		<description>Plugin to play video archive from fameplay.tv (former mall.tv)</description>
		<description lang="cs">Plugin pro přehrávání videí z fameplay.tv (původní mall.tv)</description>
	</extension>
</addon>
