<?xml version="1.0" encoding="UTF-8" standalone="yes"?>
<addon id="plugin.video.tv.sme.sk" name="TV SME.sk" provider-name="Michal Novotny" version="1.5">
	<requires>
		<import addon="enigma2.archivczsk" version="2.5.0"/>
		<import addon="tools.xbmc" version="1.2" />
	</requires>
	<extension point="archivczsk.addon.video"/>
	<extension point="archivczsk.addon.metadata">
		<description>Plugin to play TV video archive tv.sme.sk</description>
		<description lang="cs">Plugin pro přehrávání videí z archivu tv.sme.sk</description>
		<description lang="sk">Plugin pre prehrávanie videí z archívu tv.sme.sk</description>
	</extension>
</addon>
