<?xml version='1.0' encoding='utf-8'?>
<addon id="plugin.video.primaplus" name="Prima+" version="1.14">
	<requires>
		<import addon="enigma2.archivczsk" version="3.5.2"/>
		<import addon="tools.archivczsk" version="3.4" />
		<import addon="tools.cenc" version="1.9" />
	</requires>
	<extension point="archivczsk.addon.video" import-name="addon" entry-point="main"/>
	<extension point="archivczsk.addon.metadata">
		<description lang="en">Plugin allowing access to service Prima+</description>
		<description lang="cs">Plugin umožňující přistup k službě Prima+</description>
		<description lang="sk">Plugin umožňujúci prístup k službe Prima+</description>
	</extension>
</addon>
