<?xml version="1.0" encoding="UTF-8" standalone="yes"?>
<addon id="plugin.video.tipostv" name="Tipos TV" version="1.1">
	<requires>
		<import addon="enigma2.archivczsk" version="3.4.9"/>
		<import addon="tools.archivczsk" version="3.0" />
	</requires>
	<extension point="archivczsk.addon.video"/>
	<extension point="archivczsk.addon.metadata">
		<description>Live broadcasts and match archives from Tipos TV</description>
		<description lang="sk">Priame prenosy a archív zápasov z Tipos TV</description>
		<description lang="cs">Příme přenosy a archiv zápasů z Tipos TV</description>
	</extension>
</addon>
