<?xml version="1.0" encoding="UTF-8" standalone="yes"?>
<addon id="plugin.video.ta3.com" name="ta3.com" provider-name="Maros Ondrasek, misanov" version="1.5.0">
	<requires>
		<import addon="enigma2.archivczsk" version="2.5.0"/>
		<import addon="tools.xbmc" version="1.2" />
	</requires>
	<extension point="archivczsk.addon.video"/>
	<extension point="archivczsk.addon.metadata">
		<description lang="en">Watch online TV archive from ta3.com</description>
		<description lang="cs">Sledujte online TV archiv zo serveru ta3.com</description>
		<description lang="sk">Sledujte online TV archív zo serveru ta3.com</description>
	</extension>
</addon>
