<?xml version='1.0' encoding='utf-8'?>
<addon id="plugin.video.stream-cinema" name="Stream Cinema" provider-name="archivczsk" version="2.1.1">
	<requires>
		<import addon="enigma2.archivczsk" version="2.0.0"/>
		<import addon="tools.xbmc" version="1.0" />
	</requires>
	<extension point="archivczsk.addon.video"/>
	<extension point="archivczsk.addon.seeker" name="Stream Cinema - Movies" id="search-movie"/>
	<extension point="archivczsk.addon.seeker" name="Stream Cinema - Series" id="search-series"/>
	<extension point="archivczsk.addon.metadata">
        <description lang="en">Watch online movies from stream-cinema.online</description>
        <description lang="sk">Sledujte online filmy a seriály zo stream-cinema.online</description>
        <description lang="cs">Sledujte online filmy a seriály ze stream-cinema.online</description>
    </extension>
</addon>
