<?xml version='1.0' encoding='utf-8'?>
<addon id="plugin.video.antiktv" name="Antik TV" provider-name="skyjet" version="1.7">
  <requires>
    <import addon="xbmc.python" version="2.1.0" />
    <import addon="script.module.stream.resolver" version="1.6.22" />
  </requires>
  <extension library="default.py" point="xbmc.python.pluginsource" provides="video">
    <provides>video</provides>
  </extension>
  <extension point="xbmc.addon.metadata">
    <summary lang="en">Antik TV</summary>
    <summary lang="cs">Antik TV</summary>
    <summary lang="sk">Antik TV</summary>
    <description lang="en">Plugin to play live streams and VOD for Antik TV</description>
    <description lang="cs">Plugin pro přehrávání live streamu a VOD pro Antik TV</description>
    <description lang="sk">Plugin na prehrávanie live streamov a VOD pre Antik TV</description>
    <platform>all</platform>
  </extension>
</addon>
