<?xml version="1.0" encoding="UTF-8" standalone="yes"?>
<addon id="plugin.video.rebittv" name="Rebit.tv" provider-name="archivczsk" version="1.5">
	<requires>
		<import addon="enigma2.archivczsk" version="2.0.0"/>
		<import addon="tools.archivczsk" version="1.0" />
	</requires>
	<extension point="archivczsk.addon.video" preload="yes"/>
	<extension point="archivczsk.addon.shortcut" name="archive"/>
	<extension point="archivczsk.addon.metadata">
		<description>Plugin to play videos and live tv from rebit.tv</description>
		<description lang="sk">Plugin pre prehrávanie live tv z rebit.tv</description>
		<description lang="cs">Plugin pro přehrávání live tv z rebit.tv</description>
	</extension>
</addon>
